{
  "model": "logistic_baseline",
  "best_C": 2.727740725324523,
  "per_year": [
    {
      "year": 2022,
      "n_games": 63,
      "brier": 0.21426147981508217,
      "chalk_brier": 0.3333333333333333,
      "brier_delta": 0.11907185351825114,
      "log_loss": 0.6112710473294715,
      "accuracy": 0.6507936507936508,
      "n_upsets": 21,
      "upset_correct": 17
    },
    {
      "year": 2023,
      "n_games": 63,
      "brier": 0.22181432287482403,
      "chalk_brier": 0.30158730158730157,
      "brier_delta": 0.07977297871247754,
      "log_loss": 0.6501599188826979,
      "accuracy": 0.6666666666666666,
      "n_upsets": 19,
      "upset_correct": 12
    },
    {
      "year": 2024,
      "n_games": 62,
      "brier": 0.17655790262043494,
      "chalk_brier": 0.3064516129032258,
      "brier_delta": 0.12989371028279087,
      "log_loss": 0.5168013508349574,
      "accuracy": 0.7096774193548387,
      "n_upsets": 19,
      "upset_correct": 11
    },
    {
      "year": 2025,
      "n_games": 60,
      "brier": 0.14560357434959229,
      "chalk_brier": 0.18333333333333332,
      "brier_delta": 0.037729758983741035,
      "log_loss": 0.43882713087411285,
      "accuracy": 0.7333333333333333,
      "n_upsets": 11,
      "upset_correct": 6
    }
  ],
  "mean_brier": 0.18955931991498334,
  "mean_log_loss": 0.5542648619803099,
  "mean_accuracy": 0.6901177675371224,
  "beats_chalk_every_year": true,
  "below_023_threshold": true,
  "no_overconfident_top_seed": false
}